Days,Temperatures,Deviations
1,13.3,1.3142857142857167
2,6.899999999999999,-5.085714285714285
3,11.8,-0.18571428571428328
4,16.9,4.914285714285715
5,13.5,1.514285714285716
6,11.7,-0.2857142857142847
7,9.8,-2.1857142857142833
